Reference;Qty;Value;MN;MP
C1,C4;2;100nF;KEMET;C0805C104K5RACTU
C2,C3,C6;3;1µF;KEMET;C0805C105K3RACTU
C5;1;470nF;KEMET;C0805C474K5RACTU
D1;1;LED;Würth Elektronik;150080RS75000
IC1;1;MCP6021-I_SN;Microchip;MCP6021-I/SN
J1;1;Conn_01x03_Socket;JST Sales America Inc.;B3B-PH-SM4-TB
R1;1;4.7K;YAGEO;AC0805FR-074K7L
R2;1;1k;YAGEO;RC0805JR-071KL
R3;1;10K;YAGEO;RC0805JR-0710KL
R4;1;1M;YAGEO;RC0805JR-071ML
R5;1;18K;YAGEO;RC0805JR-0718KL
R6,R7;2;100K;YAGEO;RC0805JR-07100KL
U1;1;IMP23ABSUTR;STMicroelectronics;IMP23ABSUTR
